XACC_mean,XACC_var,YACC_mean,YACC_var,ZACC_mean,ZACC_var,XAX_mean,XAX_var,YAX_mean,YAX_var,ZAX_mean,ZAX_var,output
9879.109042553191,1515.4712081543091,462.46276595744683,1322.4235403013902,-744.6143617021277,333.50425117708994,75.94680851063829,190.42837979089995,20.20744680851064,463.9983787878256,115.93617021276596,2305.5758756938712,0
