XACC_mean,XACC_var,YACC_mean,YACC_var,ZACC_mean,ZACC_var,XAX_mean,XAX_var,YAX_mean,YAX_var,ZAX_mean,ZAX_var,output
9967.242894056848,1493.6551970201774,-167.7906976744186,436.4852199911877,-741.0387596899225,200.19027489413222,-16.58656330749354,193.09456896842426,-26.439276485788113,272.21941071961083,-105.56847545219638,1195.274093195252,0
