XACC_mean,XACC_var,YACC_mean,YACC_var,ZACC_mean,ZACC_var,XAX_mean,XAX_var,YAX_mean,YAX_var,ZAX_mean,ZAX_var,output
2496471.7071319297,2496471.7071319297,-1112.633423180593,531369.4003933853,2591.5687331536387,14396158.44593866,23.15633423180593,2278473.878196256,23.15633423180593,2278473.878196256,-73.1078167115903,545709.2856414367,1
