XACC_mean,XACC_var,YACC_mean,YACC_var,ZACC_mean,ZACC_var,XAX_mean,XAX_var,YAX_mean,YAX_var,ZAX_mean,ZAX_var,output
1906857.3898253257,1906857.3898253257,-1087.7222222222222,692640.8513931888,2901.1111111111113,13797685.003095975,9.38888888888889,1346191.0866873064,9.38888888888889,1346191.0866873064,13.12037037037037,265523.01023391815,1
