XACC_mean,XACC_var,YACC_mean,YACC_var,ZACC_mean,ZACC_var,XAX_mean,XAX_var,YAX_mean,YAX_var,ZAX_mean,ZAX_var,output
3348101.7828963203,3348101.7828963203,611.3060747663551,2086807.187129287,3773.5280373831774,11309600.170172252,462.3714953271028,2021401.498670358,462.3714953271028,2021401.498670358,128.52336448598132,2129731.505307623,0
