XACC_mean,XACC_var,YACC_mean,YACC_var,ZACC_mean,ZACC_var,XAX_mean,XAX_var,YAX_mean,YAX_var,ZAX_mean,ZAX_var,output
4938066.563377439,4938066.563377439,-257.01608579088474,762852.3061921648,4428.096514745308,11473808.829369543,97.80428954423593,1028389.0503041309,97.80428954423593,1028389.0503041309,143.5603217158177,724850.0749805414,0
