XACC_mean,XACC_var,YACC_mean,YACC_var,ZACC_mean,ZACC_var,XAX_mean,XAX_var,YAX_mean,YAX_var,ZAX_mean,ZAX_var,output
3128268.13699822,3128268.13699822,-290.1794871794872,563531.0114033354,3509.551282051282,10424782.191450795,123.28461538461538,1657622.5794542222,123.28461538461538,1657622.5794542222,71.1,441629.80745501287,0
