XACC_mean,XACC_var,YACC_mean,YACC_var,ZACC_mean,ZACC_var,XAX_mean,XAX_var,YAX_mean,YAX_var,ZAX_mean,ZAX_var,output
4525250.584085884,4525250.584085884,-326.41494845360825,3428410.796365114,3438.90206185567,16296288.569194704,10.469072164948454,4555259.33495831,10.469072164948454,4555259.33495831,8.206185567010309,1852828.0814086685,0
