XACC_mean,XACC_var,YACC_mean,YACC_var,ZACC_mean,ZACC_var,XAX_mean,XAX_var,YAX_mean,YAX_var,ZAX_mean,ZAX_var,output
4570854.33163951,4570854.33163951,-573.4143426294821,955293.7361611438,3909.336653386454,13913265.652905347,54.2410358565737,3267493.40885162,54.2410358565737,3267493.40885162,14.420318725099602,4473006.95072405,0
