XACC_mean,XACC_var,YACC_mean,YACC_var,ZACC_mean,ZACC_var,XAX_mean,XAX_var,YAX_mean,YAX_var,ZAX_mean,ZAX_var,output
1915956.139598157,1915956.139598157,-819.7542955326461,1455574.8741209314,4298.759450171821,6091800.671812434,18.766323024054984,4318432.330843255,18.766323024054984,4318432.330843255,19.030927835051546,1844091.221072804,0
