XACC_mean,XACC_var,YACC_mean,YACC_var,ZACC_mean,ZACC_var,XAX_mean,XAX_var,YAX_mean,YAX_var,ZAX_mean,ZAX_var,output
7459364.419977848,7459364.419977848,-151.41416309012877,509193.4044441367,3769.032188841202,16776962.801112188,41.7961373390558,1190385.5648022525,41.7961373390558,1190385.5648022525,-13.768240343347639,343013.45154829475,0
