XACC_mean,XACC_var,YACC_mean,YACC_var,ZACC_mean,ZACC_var,XAX_mean,XAX_var,YAX_mean,YAX_var,ZAX_mean,ZAX_var,output
4928112.840269786,4928112.840269786,-337.2070707070707,669913.1367600051,2886.3257575757575,18346786.848043725,-59.573232323232325,1018084.1186740826,-59.573232323232325,1018084.1186740826,-6.553030303030303,377210.74401611055,0
