XACC_mean,XACC_var,YACC_mean,YACC_var,ZACC_mean,ZACC_var,XAX_mean,XAX_var,YAX_mean,YAX_var,ZAX_mean,ZAX_var,output
2410924.1879125945,2410924.1879125945,-1150.3163538873994,635536.0340597886,2675.7453083109917,13891318.287108306,68.93029490616622,1464783.7585689987,68.93029490616622,1464783.7585689987,-20.986595174262735,474105.5025079996,1
