XACC_mean,XACC_var,YACC_mean,YACC_var,ZACC_mean,ZACC_var,XAX_mean,XAX_var,YAX_mean,YAX_var,ZAX_mean,ZAX_var,output
2326111.7883655205,2326111.7883655205,-1073.2875647668393,606712.2729358723,2701.145077720207,13213356.160715967,183.6917098445596,2372927.4813336926,183.6917098445596,2372927.4813336926,-74.33937823834196,311934.85854922276,1
