XACC_mean,XACC_var,YACC_mean,YACC_var,ZACC_mean,ZACC_var,XAX_mean,XAX_var,YAX_mean,YAX_var,ZAX_mean,ZAX_var,output
2078114.850872385,2078114.850872385,261.9063670411985,558583.2745184841,1865.2322097378278,10939012.309954956,-27.689138576779026,1286728.6386435344,-27.689138576779026,1286728.6386435344,-11.696629213483146,375013.3486940574,1
