XACC_mean,XACC_var,YACC_mean,YACC_var,ZACC_mean,ZACC_var,XAX_mean,XAX_var,YAX_mean,YAX_var,ZAX_mean,ZAX_var,output
2334409.5204673978,2334409.5204673978,613.098615916955,346495.3958039736,1674.5536332179931,12262459.048245009,-53.25086505190311,673619.5886041032,-53.25086505190311,673619.5886041032,24.730103806228374,238916.77278369805,1
