XACC_mean,XACC_var,YACC_mean,YACC_var,ZACC_mean,ZACC_var,XAX_mean,XAX_var,YAX_mean,YAX_var,ZAX_mean,ZAX_var,output
2218181.180980621,2218181.180980621,618.8219424460432,406534.06373387773,1816.7464028776978,12015380.474311361,-40.447841726618705,1170083.6747520904,-40.447841726618705,1170083.6747520904,37.469424460431654,329927.46032471326,1
