XACC_mean,XACC_var,YACC_mean,YACC_var,ZACC_mean,ZACC_var,XAX_mean,XAX_var,YAX_mean,YAX_var,ZAX_mean,ZAX_var,output
2253063.0293948473,2253063.0293948473,-1019.1648351648352,1038534.3639390912,3358.728021978022,12981576.655851722,119.11813186813187,2222728.407494021,119.11813186813187,2222728.407494021,-51.612637362637365,440787.7365891684,1
