XACC_mean,XACC_var,YACC_mean,YACC_var,ZACC_mean,ZACC_var,XAX_mean,XAX_var,YAX_mean,YAX_var,ZAX_mean,ZAX_var,output
2347987.5262163114,2347987.5262163114,-1147.6602209944751,582834.8509894247,3136.8756906077347,13694341.178410187,51.01657458563536,1489934.4595583172,51.01657458563536,1489934.4595583172,30.972375690607734,315745.4341378308,1
