XACC_mean,XACC_var,YACC_mean,YACC_var,ZACC_mean,ZACC_var,XAX_mean,XAX_var,YAX_mean,YAX_var,ZAX_mean,ZAX_var,output
2265675.1134262867,2265675.1134262867,-1117.8931297709923,640402.3712026796,2989.470737913486,13700215.683452772,132.76844783715012,1757059.5610427377,132.76844783715012,1757059.5610427377,30.776081424936386,415986.5721815444,1
