XACC_mean,XACC_var,YACC_mean,YACC_var,ZACC_mean,ZACC_var,XAX_mean,XAX_var,YAX_mean,YAX_var,ZAX_mean,ZAX_var,output
2021654.331085703,2021654.331085703,-1034.8232189973614,426644.4951208276,3113.387862796834,12570636.851809971,123.05804749340369,793548.769108347,123.05804749340369,793548.769108347,17.601583113456464,387368.467828175,1
