XACC_mean,XACC_var,YACC_mean,YACC_var,ZACC_mean,ZACC_var,XAX_mean,XAX_var,YAX_mean,YAX_var,ZAX_mean,ZAX_var,output
3288716.628642038,3288716.628642038,-958.4797687861271,1273837.589444584,3263.0057803468208,12626999.965183882,50.809248554913296,2437969.922928709,50.809248554913296,2437969.922928709,8.34393063583815,478537.18861522985,1
