XACC_mean,XACC_var,YACC_mean,YACC_var,ZACC_mean,ZACC_var,XAX_mean,XAX_var,YAX_mean,YAX_var,ZAX_mean,ZAX_var,output
2037480.8705623543,2037480.8705623543,460.63517915309444,289351.52084849967,2598.182410423453,10634477.956884228,-77.5586319218241,803306.5862793651,-77.5586319218241,803306.5862793651,39.43811074918567,337110.2922483009,1
