XACC_mean,XACC_var,YACC_mean,YACC_var,ZACC_mean,ZACC_var,XAX_mean,XAX_var,YAX_mean,YAX_var,ZAX_mean,ZAX_var,output
9492.639175257733,1616.9414275302,2830.3298969072166,831.3615179776783,-1174.5103092783504,321.46821190119744,-2.8556701030927836,90.06357096691245,-42.86082474226804,260.5440862700094,-139.97680412371133,1293.6485019080665,1
