XACC_mean,XACC_var,YACC_mean,YACC_var,ZACC_mean,ZACC_var,XAX_mean,XAX_var,YAX_mean,YAX_var,ZAX_mean,ZAX_var,output
9639.231578947369,1090.7470215238727,2138.926315789474,1222.3012358575945,-620.6578947368421,395.40587185765713,-39.415789473684214,160.8188340194162,15.421052631578947,341.77990816345374,37.794736842105266,1347.5292155569816,0
