XACC_mean,XACC_var,YACC_mean,YACC_var,ZACC_mean,ZACC_var,XAX_mean,XAX_var,YAX_mean,YAX_var,ZAX_mean,ZAX_var,output
9725.126865671642,1246.3757819574328,1687.4054726368158,1319.2457103055146,-1046.597014925373,429.8538077659863,-47.86318407960199,150.75520176982053,-18.28855721393035,397.6112229388033,-251.97761194029852,1956.4294037777986,0
