XACC_mean,XACC_var,YACC_mean,YACC_var,ZACC_mean,ZACC_var,XAX_mean,XAX_var,YAX_mean,YAX_var,ZAX_mean,ZAX_var,output
9639.290398126464,1208.0419068907756,1869.4285714285713,858.4081847641132,-1835.9156908665104,795.4180094621273,-113.79156908665105,248.94477982663395,-186.8313817330211,621.9902514586453,-160.26697892271662,1743.106909661019,0
