XACC_mean,XACC_var,YACC_mean,YACC_var,ZACC_mean,ZACC_var,XAX_mean,XAX_var,YAX_mean,YAX_var,ZAX_mean,ZAX_var,output
9547.41012658228,1138.2367849342222,2094.407594936709,1461.825172851658,-1542.0455696202532,1027.2896565853646,30.77974683544304,227.99524573130438,15.453164556962026,740.4299921724457,40.0253164556962,1604.3764746635675,0
