XACC_mean,XACC_var,YACC_mean,YACC_var,ZACC_mean,ZACC_var,XAX_mean,XAX_var,YAX_mean,YAX_var,ZAX_mean,ZAX_var,output
9682.469026548673,1063.9355991446146,1680.8938053097345,1528.7373635171691,-1024.4778761061948,464.71323150525376,-1.4336283185840708,190.71105719568345,-46.650442477876105,415.57906804339007,-171.30973451327435,1685.1828146908629,0
