XACC_mean,XACC_var,YACC_mean,YACC_var,ZACC_mean,ZACC_var,XAX_mean,XAX_var,YAX_mean,YAX_var,ZAX_mean,ZAX_var,output
9282.237209302326,920.1623524082023,2770.213953488372,2130.21318429106,-1304.9209302325582,790.0168321827073,-52.83255813953488,280.72790808549126,-45.86511627906977,570.9624112006549,-7.037209302325581,2078.1607518429255,0
