XACC_mean,XACC_var,YACC_mean,YACC_var,ZACC_mean,ZACC_var,XAX_mean,XAX_var,YAX_mean,YAX_var,ZAX_mean,ZAX_var,output
9617.762208067941,1077.0892744043163,1143.4819532908705,2378.7090578968314,-914.9702760084925,559.6736275074702,19.065817409766453,304.7890269973653,39.64331210191083,405.93261173377863,96.62845010615712,2101.163346450119,0
