XACC_mean,XACC_var,YACC_mean,YACC_var,ZACC_mean,ZACC_var,XAX_mean,XAX_var,YAX_mean,YAX_var,ZAX_mean,ZAX_var,output
9748.662393162393,1087.5327189034274,736.6987179487179,1959.3991926028389,-894.1452991452992,559.2310913499521,-18.724358974358974,144.4645688525868,5.544871794871795,424.26550224785905,67.78846153846153,1855.365669850597,0
