XACC_mean,XACC_var,YACC_mean,YACC_var,ZACC_mean,ZACC_var,XAX_mean,XAX_var,YAX_mean,YAX_var,ZAX_mean,ZAX_var,output
9437.203358208955,628.699858310123,2380.938432835821,1932.5050088645337,-1318.9776119402984,615.7922421394624,-8.33955223880597,363.37867841691457,-98.79850746268657,405.4512525611133,-127.81716417910448,1733.5637337130202,0
