XACC_mean,XACC_var,YACC_mean,YACC_var,ZACC_mean,ZACC_var,XAX_mean,XAX_var,YAX_mean,YAX_var,ZAX_mean,ZAX_var,output
9006.308924485125,1622.5929379915872,-3576.7688787185357,2172.479751310684,-94.8787185354691,709.5464544600911,36.78260869565217,524.5297377193161,140.33867276887872,373.58755368325876,704.9450800915332,2027.0865672450514,0
