XACC_mean,XACC_var,YACC_mean,YACC_var,ZACC_mean,ZACC_var,XAX_mean,XAX_var,YAX_mean,YAX_var,ZAX_mean,ZAX_var,output
9566.6484375,1013.0397778398452,2343.84375,1466.414700805643,-1085.7916666666667,290.4220721339781,17.151041666666668,103.68456431020334,-0.8255208333333334,284.27401607221725,-39.994791666666664,1643.5937111035284,0
