XACC_mean,XACC_var,YACC_mean,YACC_var,ZACC_mean,ZACC_var,XAX_mean,XAX_var,YAX_mean,YAX_var,ZAX_mean,ZAX_var,output
9618.751807228915,936.1533993122214,2221.498795180723,1279.6001297859825,-1062.8602409638554,375.32519842773814,-14.662650602409638,129.94516468062676,7.546987951807229,397.8370045723364,86.61204819277108,1781.9192487408723,0
