XACC_mean,XACC_var,YACC_mean,YACC_var,ZACC_mean,ZACC_var,XAX_mean,XAX_var,YAX_mean,YAX_var,ZAX_mean,ZAX_var,output
9295.422222222222,872.1670598866929,2967.64,1855.6734744643884,-1203.8155555555556,346.51963403691275,-5.6066666666666665,213.24663606983398,-73.78444444444445,299.59641781227793,-255.23333333333332,1879.4293550025855,0
