XACC_mean,XACC_var,YACC_mean,YACC_var,ZACC_mean,ZACC_var,XAX_mean,XAX_var,YAX_mean,YAX_var,ZAX_mean,ZAX_var,output
9799.162352941177,1112.8137545667475,1120.3317647058823,619.9971283811626,-1588.9505882352942,943.5446139904859,11.816470588235294,105.08758347101728,-17.941176470588236,728.5942809606817,12.08235294117647,1261.1810166987304,0
