XACC_mean,XACC_var,YACC_mean,YACC_var,ZACC_mean,ZACC_var,XAX_mean,XAX_var,YAX_mean,YAX_var,ZAX_mean,ZAX_var,output
9753.06265060241,1087.6480901679997,1444.3614457831325,911.1168224824219,-1344.2530120481927,842.538444246419,-41.563855421686746,112.13654178912195,-9.503614457831326,607.8491258277113,-106.4867469879518,1606.0252836678678,0
