XACC_mean,XACC_var,YACC_mean,YACC_var,ZACC_mean,ZACC_var,XAX_mean,XAX_var,YAX_mean,YAX_var,ZAX_mean,ZAX_var,output
9718.065022421524,1035.0606051998795,1370.5874439461884,1729.68264030041,-607.2959641255605,323.56013605912034,-143.44618834080717,422.82612095100313,-27.58968609865471,286.9236828905846,95.42600896860986,1672.212590013129,0
