XACC_mean,XACC_var,YACC_mean,YACC_var,ZACC_mean,ZACC_var,XAX_mean,XAX_var,YAX_mean,YAX_var,ZAX_mean,ZAX_var,output
10884.382397572079,6315.874247969464,1899.1745068285281,9054.222156461528,-2446.597875569044,5513.254474203119,311.23065250379364,6417.565405980031,244.77238239757207,5168.517320135149,325.1866464339909,14868.972581085953,0
