XACC_mean,XACC_var,YACC_mean,YACC_var,ZACC_mean,ZACC_var,XAX_mean,XAX_var,YAX_mean,YAX_var,ZAX_mean,ZAX_var,output
9516.783068783068,1252.2557261775264,2167.1560846560847,1658.0125168637712,-1439.7777777777778,901.3713797760604,5.6878306878306875,221.64960975983567,-6.375661375661376,623.7783618490624,-251.7037037037037,1845.6674443568268,0
