XACC_mean,XACC_var,YACC_mean,YACC_var,ZACC_mean,ZACC_var,XAX_mean,XAX_var,YAX_mean,YAX_var,ZAX_mean,ZAX_var,output
9669.860465116279,1269.9133499311324,1952.1279069767443,1172.0445149857333,-1092.1279069767443,385.9973049804444,-18.052325581395348,130.01178527135417,-10.430232558139535,274.92425845674734,-19.526162790697676,1508.277678733205,0
