XACC_mean,XACC_var,YACC_mean,YACC_var,ZACC_mean,ZACC_var,XAX_mean,XAX_var,YAX_mean,YAX_var,ZAX_mean,ZAX_var,output
10842.640522875818,5820.856886390637,1533.076797385621,9406.304492826524,-2459.8839869281046,4974.523500157784,-114.8970588235294,6933.059775472124,113.5702614379085,5367.3286269021455,471.05882352941177,15705.034924617039,0
