XACC_mean,XACC_var,YACC_mean,YACC_var,ZACC_mean,ZACC_var,XAX_mean,XAX_var,YAX_mean,YAX_var,ZAX_mean,ZAX_var,output
11302.239685658153,6611.53534868015,1650.9115913555993,9977.103282589585,-2595.762278978389,5823.586134759924,154.48133595284872,6197.962931967938,147.7426326129666,6174.846874521595,413.35952848722985,16078.358099250338,0
