XACC_mean,XACC_var,YACC_mean,YACC_var,ZACC_mean,ZACC_var,XAX_mean,XAX_var,YAX_mean,YAX_var,ZAX_mean,ZAX_var,output
9705.892773892774,920.6172643146572,1680.3449883449885,1512.3180735120902,-929.9090909090909,331.03358899563426,-26.65034965034965,316.8348340041367,-53.66433566433567,205.33717236760725,31.993006993006993,1512.18613255237,0
