XACC_mean,XACC_var,YACC_mean,YACC_var,ZACC_mean,ZACC_var,XAX_mean,XAX_var,YAX_mean,YAX_var,ZAX_mean,ZAX_var,output
9703.255874673629,1114.0206331150127,2022.1932114882507,896.9603931416315,-1041.0496083550913,242.52737772503397,12.03916449086162,127.14243993571914,7.469973890339426,246.63970693803745,-24.334203655352482,1345.2996213712404,0
