XACC_mean,XACC_var,YACC_mean,YACC_var,ZACC_mean,ZACC_var,XAX_mean,XAX_var,YAX_mean,YAX_var,ZAX_mean,ZAX_var,output
9850.478571428572,1267.884484630006,793.1738095238095,1257.0496942916088,-877.6714285714286,403.37176944425494,-26.86190476190476,134.94697969241648,-5.402380952380953,459.1731829359068,-4.173809523809524,1981.6522856379213,0
