XACC_mean,XACC_var,YACC_mean,YACC_var,ZACC_mean,ZACC_var,XAX_mean,XAX_var,YAX_mean,YAX_var,ZAX_mean,ZAX_var,output
9822.89420654912,1286.9297399027457,1002.7455919395466,1337.1669370113545,-921.8312342569269,386.0950506194902,-45.66750629722922,266.970991646821,23.639798488664987,411.08076171782204,42.51637279596977,2074.8175063619456,0
