XACC_mean,XACC_var,YACC_mean,YACC_var,ZACC_mean,ZACC_var,XAX_mean,XAX_var,YAX_mean,YAX_var,ZAX_mean,ZAX_var,output
9797.683896620278,1084.7651633605142,1062.8131212723658,1421.5139076730723,-897.1908548707753,373.259247030652,-0.1411530815109344,140.9882520192115,14.751491053677933,292.5065393636209,-3.047713717693837,1370.5514425525987,0
