XACC_mean,XACC_var,YACC_mean,YACC_var,ZACC_mean,ZACC_var,XAX_mean,XAX_var,YAX_mean,YAX_var,ZAX_mean,ZAX_var,output
9511.336515513127,905.7152551042183,2248.6658711217183,1947.021399030374,-977.3747016706444,391.11591721403556,-47.178997613365155,424.51786211138915,-47.653937947494036,301.014412620507,-147.7565632458234,1881.6235654434654,0
