XACC_mean,XACC_var,YACC_mean,YACC_var,ZACC_mean,ZACC_var,XAX_mean,XAX_var,YAX_mean,YAX_var,ZAX_mean,ZAX_var,output
11230.455830388693,11398.303595882486,2932.50765606596,12562.052809753965,-3347.2131919905773,9363.011365888131,-416.9611307420495,8058.864282761469,-130.7550058892815,6601.042985149687,-302.35689045936397,16885.338797397686,0
