XACC_mean,XACC_var,YACC_mean,YACC_var,ZACC_mean,ZACC_var,XAX_mean,XAX_var,YAX_mean,YAX_var,ZAX_mean,ZAX_var,output
11355.762652705062,12696.293367858534,2899.1413612565443,15849.57879233129,-4480.551483420593,7834.949261679783,-192.32984293193718,11110.132452857366,-106.14659685863874,5230.535166579175,478.6038394415358,19821.690609550802,0
