XACC_mean,XACC_var,YACC_mean,YACC_var,ZACC_mean,ZACC_var,XAX_mean,XAX_var,YAX_mean,YAX_var,ZAX_mean,ZAX_var,output
9515.409663865546,756.3547164428609,797.3319327731092,2894.8787985008507,-875.3571428571429,703.6512313201378,3.9894957983193278,177.5373701060323,31.439075630252102,555.0344801678034,126.84033613445378,2727.1692205676704,0
