XACC_mean,XACC_var,YACC_mean,YACC_var,ZACC_mean,ZACC_var,XAX_mean,XAX_var,YAX_mean,YAX_var,ZAX_mean,ZAX_var,output
11359.023188405798,12101.169022660219,3873.901449275362,16537.785258663916,-3522.205797101449,7332.041924257287,-421.5536231884058,10164.860248716173,383.84057971014494,3830.7710279142702,-80.75942028985507,19877.37309749421,0
