XACC_mean,XACC_var,YACC_mean,YACC_var,ZACC_mean,ZACC_var,XAX_mean,XAX_var,YAX_mean,YAX_var,ZAX_mean,ZAX_var,output
9685.167064439142,1269.2415381126434,2080.9880668257756,794.1837959635882,-1020.8329355608591,323.1913098157265,-16.83054892601432,90.14614621252917,-16.465393794749403,439.60093976211755,-186.14797136038186,1900.9679370439997,0
