XACC_mean,XACC_var,YACC_mean,YACC_var,ZACC_mean,ZACC_var,XAX_mean,XAX_var,YAX_mean,YAX_var,ZAX_mean,ZAX_var,output
9848.516129032258,1433.3243218472892,1287.0403225806451,655.7980763680919,-906.0752688172043,286.98237542958134,8.36021505376344,123.80651511039764,-4.908602150537634,276.3933624660538,-49.99731182795699,1625.2313465817388,0
