XACC_mean,XACC_var,YACC_mean,YACC_var,ZACC_mean,ZACC_var,XAX_mean,XAX_var,YAX_mean,YAX_var,ZAX_mean,ZAX_var,output
12021.679930795848,14838.218803176174,5233.716262975779,14706.533639292838,-4360.747404844291,9819.409905526787,318.19723183391005,11579.891254021617,-612.3217993079585,8398.317545892054,-53.08650519031142,21076.826492154178,0
