XACC_mean,XACC_var,YACC_mean,YACC_var,ZACC_mean,ZACC_var,XAX_mean,XAX_var,YAX_mean,YAX_var,ZAX_mean,ZAX_var,output
9751.956204379561,1075.7783922801095,1439.890510948905,1449.8696375990808,-920.316301703163,362.2451766440776,-5.732360097323601,191.1591506496597,-3.5839416058394162,302.47838807705614,16.072992700729927,1609.7691591897835,0
