XACC_mean,XACC_var,YACC_mean,YACC_var,ZACC_mean,ZACC_var,XAX_mean,XAX_var,YAX_mean,YAX_var,ZAX_mean,ZAX_var,output
9724.476297968396,1158.9460597713628,1411.467268623025,1666.5785216871293,-943.5440180586908,454.1777959600124,-12.851015801354402,141.83353450135414,21.13318284424379,376.8493017763849,95.48306997742664,1634.4994574861996,0
