XACC_mean,XACC_var,YACC_mean,YACC_var,ZACC_mean,ZACC_var,XAX_mean,XAX_var,YAX_mean,YAX_var,ZAX_mean,ZAX_var,output
9849.460215053763,1213.6576179498534,1277.0537634408602,693.6976598086176,-977.3376344086022,295.74049373840114,-23.627956989247313,153.21804271453806,-29.703225806451613,294.3268658764278,-93.46236559139786,1444.5090798877009,0
