XACC_mean,XACC_var,YACC_mean,YACC_var,ZACC_mean,ZACC_var,XAX_mean,XAX_var,YAX_mean,YAX_var,ZAX_mean,ZAX_var,output
11259.725773195876,7454.622280165076,2254.637113402062,11320.742038485178,-3211.364948453608,7075.712169045747,164.41855670103092,6380.873136131685,164.91752577319588,6358.5254714336015,428.4742268041237,16886.845007021686,0
