XACC_mean,XACC_var,YACC_mean,YACC_var,ZACC_mean,ZACC_var,XAX_mean,XAX_var,YAX_mean,YAX_var,ZAX_mean,ZAX_var,output
3118981.8908749376,3118981.8908749376,-876.3479262672811,2680511.4976053894,2573.0046082949307,10362859.551941764,88.04377880184332,2937642.82255936,88.04377880184332,2937642.82255936,-77.79953917050692,2281155.948175307,0
