XACC_mean,XACC_var,YACC_mean,YACC_var,ZACC_mean,ZACC_var,XAX_mean,XAX_var,YAX_mean,YAX_var,ZAX_mean,ZAX_var,output
3963700.654237576,3963700.654237576,-204.28348214285714,2945153.4384737536,4833.495535714285,9589864.99774289,52.314732142857146,3383581.451057646,52.314732142857146,3383581.451057646,12.767857142857142,1030929.2077341003,0
