XACC_mean,XACC_var,YACC_mean,YACC_var,ZACC_mean,ZACC_var,XAX_mean,XAX_var,YAX_mean,YAX_var,ZAX_mean,ZAX_var,output
2569093.7534401296,2569093.7534401296,165.06909788867563,824034.1836778385,2089.3570057581574,10001461.85691717,-11.72936660268714,1689041.0746936365,-11.72936660268714,1689041.0746936365,34.355086372360844,672657.910209656,0
