XACC_mean,XACC_var,YACC_mean,YACC_var,ZACC_mean,ZACC_var,XAX_mean,XAX_var,YAX_mean,YAX_var,ZAX_mean,ZAX_var,output
2513202.220585158,2513202.220585158,233.97014925373134,361624.6234063328,1531.6399253731342,9819045.513094574,15.26679104477612,1133033.3249511786,15.26679104477612,1133033.3249511786,20.10634328358209,489570.0092307156,0
