XACC_mean,XACC_var,YACC_mean,YACC_var,ZACC_mean,ZACC_var,XAX_mean,XAX_var,YAX_mean,YAX_var,ZAX_mean,ZAX_var,output
5023285.291912137,5023285.291912137,-361.1505617977528,1091970.4164692783,3706.676404494382,16979768.512167223,-0.2853932584269663,1702645.2719708472,-0.2853932584269663,1702645.2719708472,42.79325842696629,830860.1868913858,0
