XACC_mean,XACC_var,YACC_mean,YACC_var,ZACC_mean,ZACC_var,XAX_mean,XAX_var,YAX_mean,YAX_var,ZAX_mean,ZAX_var,output
6948443.323862409,6948443.323862409,-172.61283185840708,459620.84533386974,4117.241150442478,16029587.695597786,68.40486725663717,1045919.438823264,68.40486725663717,1045919.438823264,34.47566371681416,282312.2765682946,0
