XACC_mean,XACC_var,YACC_mean,YACC_var,ZACC_mean,ZACC_var,XAX_mean,XAX_var,YAX_mean,YAX_var,ZAX_mean,ZAX_var,output
4196954.273756928,4196954.273756928,-381.7420435510888,818015.4601924611,3565.455611390285,9854036.73502299,126.36013400335008,1690763.2241127335,126.36013400335008,1690763.2241127335,132.56616415410386,502226.8634840871,0
