XACC_mean,XACC_var,YACC_mean,YACC_var,ZACC_mean,ZACC_var,XAX_mean,XAX_var,YAX_mean,YAX_var,ZAX_mean,ZAX_var,output
6732908.2298655035,6732908.2298655035,-382.92761904761903,506893.658873137,3500.3314285714287,14548847.332693566,61.99047619047619,1063989.5781533986,61.99047619047619,1063989.5781533986,8.878095238095238,338009.0270956016,0
