XACC_mean,XACC_var,YACC_mean,YACC_var,ZACC_mean,ZACC_var,XAX_mean,XAX_var,YAX_mean,YAX_var,ZAX_mean,ZAX_var,output
1937159.5044527343,1937159.5044527343,105.75,1319548.0512333966,2129.2026515151515,10635155.900030907,90.96022727272727,8999754.246991979,90.96022727272727,8999754.246991979,181.68939393939394,2561181.9337013396,0
