XACC_mean,XACC_var,YACC_mean,YACC_var,ZACC_mean,ZACC_var,XAX_mean,XAX_var,YAX_mean,YAX_var,ZAX_mean,ZAX_var,output
4332139.471772869,4332139.471772869,-608.4988505747126,860481.4349065099,4341.006896551724,14072838.77184173,-33.93563218390805,2139067.6870914777,-33.93563218390805,2139067.6870914777,-2.066666666666667,1014537.4310291858,0
