XACC_mean,XACC_var,YACC_mean,YACC_var,ZACC_mean,ZACC_var,XAX_mean,XAX_var,YAX_mean,YAX_var,ZAX_mean,ZAX_var,output
2520140.507572401,2520140.507572401,-1077.2106741573034,515372.91605475545,2712.6404494382023,14926685.999936698,87.79213483146067,2032290.5369520497,87.79213483146067,2032290.5369520497,-29.96067415730337,429564.49422376964,1
