XACC_mean,XACC_var,YACC_mean,YACC_var,ZACC_mean,ZACC_var,XAX_mean,XAX_var,YAX_mean,YAX_var,ZAX_mean,ZAX_var,output
2644133.123951301,2644133.123951301,13.08366533864542,624290.14069073,2682.932270916335,8564457.863667088,142.4442231075697,1729621.0537689559,142.4442231075697,1729621.0537689559,-35.00199203187251,217270.36925750095,1
