XACC_mean,XACC_var,YACC_mean,YACC_var,ZACC_mean,ZACC_var,XAX_mean,XAX_var,YAX_mean,YAX_var,ZAX_mean,ZAX_var,output
2226374.261286275,2226374.261286275,540.7626262626262,510092.491619398,2097.66835016835,9915633.24395444,-125.25252525252525,1236849.895651285,-125.25252525252525,1236849.895651285,3.0757575757575757,358827.8711482447,1
