XACC_mean,XACC_var,YACC_mean,YACC_var,ZACC_mean,ZACC_var,XAX_mean,XAX_var,YAX_mean,YAX_var,ZAX_mean,ZAX_var,output
1718361.5310031455,1718361.5310031455,753.5764119601329,356624.83025798644,946.0813953488372,10874726.710501878,43.71926910299003,810117.7130723434,43.71926910299003,810117.7130723434,0.925249169435216,248798.94448621073,1
