XACC_mean,XACC_var,YACC_mean,YACC_var,ZACC_mean,ZACC_var,XAX_mean,XAX_var,YAX_mean,YAX_var,ZAX_mean,ZAX_var,output
2482936.543979695,2482936.543979695,-1076.6286549707602,531905.4658040508,2978.2982456140353,15502018.192313628,163.01461988304092,2083985.5100495615,163.01461988304092,2083985.5100495615,-8.409356725146198,399302.2776834559,1
