XACC_mean,XACC_var,YACC_mean,YACC_var,ZACC_mean,ZACC_var,XAX_mean,XAX_var,YAX_mean,YAX_var,ZAX_mean,ZAX_var,output
9921.471849865951,1566.3557655545835,-1063.171581769437,375.2197457188654,-666.0670241286863,203.2459004096385,0.21715817694369974,85.71491586404173,-6.2600536193029495,193.10013124009873,57.64879356568365,911.693141570661,1
