XACC_mean,XACC_var,YACC_mean,YACC_var,ZACC_mean,ZACC_var,XAX_mean,XAX_var,YAX_mean,YAX_var,ZAX_mean,ZAX_var,output
9905.0925,1480.1786805177942,-382.44,1063.3970941513917,-825.355,211.60486886249993,-37.6125,128.140967737808,24.24,163.58474048118222,311.735,886.628521486187,1
