XACC_mean,XACC_var,YACC_mean,YACC_var,ZACC_mean,ZACC_var,XAX_mean,XAX_var,YAX_mean,YAX_var,ZAX_mean,ZAX_var,output
9797.727979274612,1439.419280846366,-1832.6891191709844,547.8689925266889,-494.12176165803106,248.4888420354308,6.129533678756476,131.03763237910795,18.510362694300518,191.48417220236234,121.03108808290155,947.2843586663288,1
