XACC_mean,XACC_var,YACC_mean,YACC_var,ZACC_mean,ZACC_var,XAX_mean,XAX_var,YAX_mean,YAX_var,ZAX_mean,ZAX_var,output
9930.759162303664,1771.6724840285417,-741.1649214659686,500.6057973401539,-679.5497382198953,207.41720389048632,-75.53664921465969,144.64142455717558,8.921465968586388,221.52855787166794,129.66492146596858,1148.077339605829,1
