XACC_mean,XACC_var,YACC_mean,YACC_var,ZACC_mean,ZACC_var,XAX_mean,XAX_var,YAX_mean,YAX_var,ZAX_mean,ZAX_var,output
9823.699724517906,1611.6943867637842,-1711.2231404958677,603.0080236531767,-541.8842975206611,181.31064533520097,-42.89531680440771,160.34451877680135,3.931129476584022,202.5484409576043,130.86225895316804,882.3694355279988,1
