XACC_mean,XACC_var,YACC_mean,YACC_var,ZACC_mean,ZACC_var,XAX_mean,XAX_var,YAX_mean,YAX_var,ZAX_mean,ZAX_var,output
9757.987804878048,1297.148044268915,-2051.7829268292685,466.1903859920459,-518.9121951219512,289.0527690126809,-63.96829268292683,97.06228418777228,-15.321951219512195,277.5571198396639,40.853658536585364,796.864149287283,1
