XACC_mean,XACC_var,YACC_mean,YACC_var,ZACC_mean,ZACC_var,XAX_mean,XAX_var,YAX_mean,YAX_var,ZAX_mean,ZAX_var,output
9807.285347043702,1422.8059482253216,-1796.4215938303341,495.5518449959565,-506.293059125964,226.15357540440291,-4.812339331619537,126.54155933566274,5.213367609254499,232.62533087158525,82.67609254498714,1008.6751865327909,1
