XACC_mean,XACC_var,YACC_mean,YACC_var,ZACC_mean,ZACC_var,XAX_mean,XAX_var,YAX_mean,YAX_var,ZAX_mean,ZAX_var,output
9863.766331658291,1461.5150564133894,-1433.0226130653266,464.5558340103522,-547.2663316582915,248.772987717203,-24.434673366834172,179.48463727124889,5.50251256281407,231.46543064918072,5.5201005025125625,795.0612436831786,1
