XACC_mean,XACC_var,YACC_mean,YACC_var,ZACC_mean,ZACC_var,XAX_mean,XAX_var,YAX_mean,YAX_var,ZAX_mean,ZAX_var,output
9923.362068965518,1463.2810551497457,-907.7931034482758,470.2540490717432,-618.0197044334975,224.84324219641093,-34.285714285714285,96.8596905181217,5.903940886699507,203.9549166698704,20.339901477832512,848.7980421045303,1
