XACC_mean,XACC_var,YACC_mean,YACC_var,ZACC_mean,ZACC_var,XAX_mean,XAX_var,YAX_mean,YAX_var,ZAX_mean,ZAX_var,output
9885.147619047619,1479.7987743352644,-1368.259523809524,444.0881803894206,-587.0642857142857,182.15143103704727,-7.2595238095238095,76.15943444918665,-1.4523809523809523,164.86824165523623,-54.911904761904765,982.6077327302,1
