XACC_mean,XACC_var,YACC_mean,YACC_var,ZACC_mean,ZACC_var,XAX_mean,XAX_var,YAX_mean,YAX_var,ZAX_mean,ZAX_var,output
9762.386533665835,1443.24132518377,-1992.6907730673317,574.1286738525179,-438.857855361596,189.16859476242095,-22.206982543640898,113.00344928860444,-2.9875311720698257,204.62581055218732,42.01745635910225,909.9808499053778,1
