XACC_mean,XACC_var,YACC_mean,YACC_var,ZACC_mean,ZACC_var,XAX_mean,XAX_var,YAX_mean,YAX_var,ZAX_mean,ZAX_var,output
9935.447837150126,1606.513792108982,-578.3842239185751,685.5007833213276,-733.8676844783715,210.31136489273007,-32.19338422391858,84.68870522598954,5.254452926208652,141.35687716270579,14.969465648854962,855.7681738839217,1
