XACC_mean,XACC_var,YACC_mean,YACC_var,ZACC_mean,ZACC_var,XAX_mean,XAX_var,YAX_mean,YAX_var,ZAX_mean,ZAX_var,output
9953.483944954129,1353.3333720239063,-15.09862385321101,518.0828424395908,-761.4747706422019,228.25361334641428,-0.6651376146788991,94.56792377496429,16.01605504587156,164.3784453779185,23.78669724770642,906.476311782404,1
