XACC_mean,XACC_var,YACC_mean,YACC_var,ZACC_mean,ZACC_var,XAX_mean,XAX_var,YAX_mean,YAX_var,ZAX_mean,ZAX_var,output
9936.440414507771,1551.860168363965,-658.0725388601036,456.26132284519423,-652.7253886010362,191.6612195881171,-23.77979274611399,98.63707954281774,-32.023316062176164,206.3609798397065,-168.82901554404145,1381.980309513556,1
