XACC_mean,XACC_var,YACC_mean,YACC_var,ZACC_mean,ZACC_var,XAX_mean,XAX_var,YAX_mean,YAX_var,ZAX_mean,ZAX_var,output
9954.430020283975,1255.504157177684,-100.77484787018255,467.71232734951775,-782.0020283975659,197.37549846485817,-11.817444219066937,120.75428227168858,4.464503042596349,196.29831821322344,36.05679513184584,978.2736540949122,1
