XACC_mean,XACC_var,YACC_mean,YACC_var,ZACC_mean,ZACC_var,XAX_mean,XAX_var,YAX_mean,YAX_var,ZAX_mean,ZAX_var,output
9929.683473389356,1728.9755647382813,-793.7282913165266,424.53469122900157,-659.8711484593838,274.39548507045106,46.78151260504202,118.94259022577114,43.27170868347339,226.06114716852792,59.65546218487395,909.9693886409697,1
