XACC_mean,XACC_var,YACC_mean,YACC_var,ZACC_mean,ZACC_var,XAX_mean,XAX_var,YAX_mean,YAX_var,ZAX_mean,ZAX_var,output
9688.46192893401,1543.7736817554405,-2427.6522842639592,597.1347220197367,-458.507614213198,194.2731771807464,13.200507614213198,99.37805523523336,10.761421319796954,240.4215105430813,130.74111675126903,991.3579444531132,1
