XACC_mean,XACC_var,YACC_mean,YACC_var,ZACC_mean,ZACC_var,XAX_mean,XAX_var,YAX_mean,YAX_var,ZAX_mean,ZAX_var,output
9494.176136363636,1534.0229154318165,-3117.306818181818,555.3890011797521,-329.9318181818182,164.74622082256477,32.14772727272727,77.28830692920106,-11.3125,200.9384225176326,54.43181818181818,1019.4434328185713,1
