XACC_mean,XACC_var,YACC_mean,YACC_var,ZACC_mean,ZACC_var,XAX_mean,XAX_var,YAX_mean,YAX_var,ZAX_mean,ZAX_var,output
2230117.1949644224,2230117.1949644224,-1099.1256157635469,438621.3693669038,2881.6847290640394,13193286.83369215,53.73645320197044,1207681.6958036856,53.73645320197044,1207681.6958036856,-30.428571428571427,438104.55167548504,1
