XACC_mean,XACC_var,YACC_mean,YACC_var,ZACC_mean,ZACC_var,XAX_mean,XAX_var,YAX_mean,YAX_var,ZAX_mean,ZAX_var,output
2651648.7237148266,2651648.7237148266,-1132.490909090909,568075.7818181819,2630.516883116883,14212018.073281927,39.84935064935065,1839887.664745671,39.84935064935065,1839887.664745671,19.25194805194805,497822.829586039,1
