XACC_mean,XACC_var,YACC_mean,YACC_var,ZACC_mean,ZACC_var,XAX_mean,XAX_var,YAX_mean,YAX_var,ZAX_mean,ZAX_var,output
1963976.8189662206,1963976.8189662206,-1102.640625,418244.90445496084,2748.1901041666665,13414916.264027145,51.690104166666664,1052959.2326955502,51.690104166666664,1052959.2326955502,48.4140625,285818.2536920692,1
