XACC_mean,XACC_var,YACC_mean,YACC_var,ZACC_mean,ZACC_var,XAX_mean,XAX_var,YAX_mean,YAX_var,ZAX_mean,ZAX_var,output
2806403.799094244,2806403.799094244,-1154.7431693989072,1133172.9530354068,2860.3224043715845,13446802.087551462,83.59016393442623,4146595.9685605206,83.59016393442623,4146595.9685605206,5.751366120218579,643692.5544501833,1
