XACC_mean,XACC_var,YACC_mean,YACC_var,ZACC_mean,ZACC_var,XAX_mean,XAX_var,YAX_mean,YAX_var,ZAX_mean,ZAX_var,output
2029387.7367767654,2029387.7367767654,666.7792207792207,585596.4883406558,1622.2708719851578,13363954.956231765,82.79591836734694,849815.4043699263,82.79591836734694,849815.4043699263,26.827458256029686,499653.38467215205,1
