XACC_mean,XACC_var,YACC_mean,YACC_var,ZACC_mean,ZACC_var,XAX_mean,XAX_var,YAX_mean,YAX_var,ZAX_mean,ZAX_var,output
2401721.906164282,2401721.906164282,-998.3495440729483,973626.0939098524,3204.8115501519756,13798829.76925643,130.6079027355623,1645106.7024983321,130.6079027355623,1645106.7024983321,-3.370820668693009,450267.130365483,1
