XACC_mean,XACC_var,YACC_mean,YACC_var,ZACC_mean,ZACC_var,XAX_mean,XAX_var,YAX_mean,YAX_var,ZAX_mean,ZAX_var,output
2022767.562472944,2022767.562472944,-1181.4051948051947,627890.7937229438,2543.368831168831,15035007.040692642,98.14025974025974,1065357.5167343074,98.14025974025974,1065357.5167343074,2.81038961038961,264225.5811417749,1
