XACC_mean,XACC_var,YACC_mean,YACC_var,ZACC_mean,ZACC_var,XAX_mean,XAX_var,YAX_mean,YAX_var,ZAX_mean,ZAX_var,output
3312438.0949148145,3312438.0949148145,656.3887399463807,2403177.8189051286,4727.12600536193,11758143.395370288,454.26541554959783,2107593.9804404858,454.26541554959783,2107593.9804404858,-401.16353887399464,1502865.2124304534,0
