XACC_mean,XACC_var,YACC_mean,YACC_var,ZACC_mean,ZACC_var,XAX_mean,XAX_var,YAX_mean,YAX_var,ZAX_mean,ZAX_var,output
4734037.3642459875,4734037.3642459875,765.9885057471264,1840351.0067800202,4059.689655172414,13052908.380422693,471.0896551724138,4354073.413602415,471.0896551724138,4354073.413602415,141.31724137931033,5325900.433688225,0
