XACC_mean,XACC_var,YACC_mean,YACC_var,ZACC_mean,ZACC_var,XAX_mean,XAX_var,YAX_mean,YAX_var,ZAX_mean,ZAX_var,output
3947468.9585572975,3947468.9585572975,97.89563567362428,512467.1925094335,1791.4800759013283,13829515.645514823,16.328273244781784,1386861.2817656437,16.328273244781784,1386861.2817656437,16.462998102466795,1104223.8916890929,0
