XACC_mean,XACC_var,YACC_mean,YACC_var,ZACC_mean,ZACC_var,XAX_mean,XAX_var,YAX_mean,YAX_var,ZAX_mean,ZAX_var,output
3451762.1809814167,3451762.1809814167,426.92070484581495,613853.7420427691,4791.960352422908,9711600.877011796,26.497797356828194,763329.8134609214,26.497797356828194,763329.8134609214,-195.86123348017622,879463.7577432876,0
