XACC_mean,XACC_var,YACC_mean,YACC_var,ZACC_mean,ZACC_var,XAX_mean,XAX_var,YAX_mean,YAX_var,ZAX_mean,ZAX_var,output
2358832.8342467854,2358832.8342467854,-310.01526717557255,427921.76649686927,2364.368320610687,12891315.246489717,10.379770992366412,1500837.0925919171,10.379770992366412,1500837.0925919171,-14.032442748091603,546520.5477026259,0
