XACC_mean,XACC_var,YACC_mean,YACC_var,ZACC_mean,ZACC_var,XAX_mean,XAX_var,YAX_mean,YAX_var,ZAX_mean,ZAX_var,output
13821.589743589744,18818.642287378374,2699.8358974358976,16420.10367827244,-1666.9521367521368,10058.749846974351,-403.2393162393162,10907.738793936132,-1292.8273504273504,12966.082044770363,-121.79145299145299,20308.00441077888,1
