XACC_mean,XACC_var,YACC_mean,YACC_var,ZACC_mean,ZACC_var,XAX_mean,XAX_var,YAX_mean,YAX_var,ZAX_mean,ZAX_var,output
13040.798270893372,15036.203862771525,2828.693083573487,14720.89303364355,-1315.3703170028818,9527.486491329464,-43.13976945244957,9371.353196584048,-958.6743515850144,10102.990826617524,399.54899135446686,18368.712413697773,1
