XACC_mean,XACC_var,YACC_mean,YACC_var,ZACC_mean,ZACC_var,XAX_mean,XAX_var,YAX_mean,YAX_var,ZAX_mean,ZAX_var,output
13355.264615384616,17200.77405801535,2748.1292307692306,17129.03303246688,-1734.0384615384614,10085.982600165691,-760.9492307692308,11631.770995776564,-1036.6215384615384,11263.52657384261,332.83230769230767,19327.130418979345,1
