XACC_mean,XACC_var,YACC_mean,YACC_var,ZACC_mean,ZACC_var,XAX_mean,XAX_var,YAX_mean,YAX_var,ZAX_mean,ZAX_var,output
13348.264750378215,16624.326627997492,2523.869894099849,15686.326882893463,-895.9016641452345,10310.60679081793,-295.4856278366112,11862.599080731505,-1177.24810892587,11843.88587871589,371.9924357034796,19987.610609353855,1
