XACC_mean,XACC_var,YACC_mean,YACC_var,ZACC_mean,ZACC_var,XAX_mean,XAX_var,YAX_mean,YAX_var,ZAX_mean,ZAX_var,output
13333.939641109298,15591.893439457463,4187.553017944535,18826.245297522684,-58.458401305057095,10870.931808089232,-914.7862969004894,13734.297336657137,-608.7862969004894,10693.496527577034,254.6231647634584,21643.39506978928,1
