XACC_mean,XACC_var,YACC_mean,YACC_var,ZACC_mean,ZACC_var,XAX_mean,XAX_var,YAX_mean,YAX_var,ZAX_mean,ZAX_var,output
13818.067765567766,18379.195344042728,2991.087912087912,16250.532361062678,-1120.1831501831502,10696.357369134097,-119.81135531135531,9390.240437129401,-1724.3553113553114,12713.413011971716,-179.43040293040292,19640.740069664844,1
