XACC_mean,XACC_var,YACC_mean,YACC_var,ZACC_mean,ZACC_var,XAX_mean,XAX_var,YAX_mean,YAX_var,ZAX_mean,ZAX_var,output
14323.295546558704,19688.444058428966,3710.726720647773,19770.428084316598,-1761.3987854251013,12706.26462174497,-311.9655870445344,12139.433457881241,-1382.8117408906883,12038.816002639947,395.54655870445345,21722.042334303747,1
