XACC_mean,XACC_var,YACC_mean,YACC_var,ZACC_mean,ZACC_var,XAX_mean,XAX_var,YAX_mean,YAX_var,ZAX_mean,ZAX_var,output
13137.161442006269,16094.762239087762,2328.898119122257,13743.199738274885,-1110.7413793103449,9481.515769858628,-151.20219435736678,10105.684106194232,-1231.2115987460816,11981.330017560345,260.47492163009406,18691.84908396034,1
