XACC_mean,XACC_var,YACC_mean,YACC_var,ZACC_mean,ZACC_var,XAX_mean,XAX_var,YAX_mean,YAX_var,ZAX_mean,ZAX_var,output
13482.683937823835,16690.650307496384,3616.3920552677027,15886.8530610501,-1276.7236614853196,10774.693118389832,-175.04490500863557,11715.064875304024,-890.3471502590673,11459.874801488162,840.9447322970639,20742.54115961171,1
