XACC_mean,XACC_var,YACC_mean,YACC_var,ZACC_mean,ZACC_var,XAX_mean,XAX_var,YAX_mean,YAX_var,ZAX_mean,ZAX_var,output
10777.14309484193,6531.350826040742,1274.1564059900165,10004.645358640308,-2761.55074875208,6393.386602928343,101.77537437603993,8158.419696717776,235.76372712146423,6018.042044891518,396.4209650582363,15314.884281448547,0
