XACC_mean,XACC_var,YACC_mean,YACC_var,ZACC_mean,ZACC_var,XAX_mean,XAX_var,YAX_mean,YAX_var,ZAX_mean,ZAX_var,output
11172.571684587814,5895.788423289544,1596.6594982078852,10788.433023598758,-3121.3118279569894,7298.322950146522,203.08064516129033,7349.377141059491,139.5483870967742,5600.209842213829,310.35483870967744,15103.563728331354,0
