XACC_mean,XACC_var,YACC_mean,YACC_var,ZACC_mean,ZACC_var,XAX_mean,XAX_var,YAX_mean,YAX_var,ZAX_mean,ZAX_var,output
10843.653379549394,11756.772687644821,3025.533795493934,15107.144154546033,-4788.575389948007,8672.177077018041,-625.2218370883883,9603.360922781298,38.73830155979203,6538.238022858132,606.105719237435,18552.92059885679,0
