XACC_mean,XACC_var,YACC_mean,YACC_var,ZACC_mean,ZACC_var,XAX_mean,XAX_var,YAX_mean,YAX_var,ZAX_mean,ZAX_var,output
10641.712698412699,5826.501692249887,626.2253968253968,9814.24073842954,-2250.5444444444443,4130.4461544037285,-116.74285714285715,6338.538539577968,213.0952380952381,5123.129592737592,338.5190476190476,14604.281097256418,0
