XACC_mean,XACC_var,YACC_mean,YACC_var,ZACC_mean,ZACC_var,XAX_mean,XAX_var,YAX_mean,YAX_var,ZAX_mean,ZAX_var,output
11170.210247349823,6391.748530277289,1734.9787985865723,11353.18569504165,-2523.952296819788,7527.481281174224,82.62190812720848,6830.474835861866,110.93109540636043,5586.1315258023,170.34805653710248,16340.477805128012,0
