XACC_mean,XACC_var,YACC_mean,YACC_var,ZACC_mean,ZACC_var,XAX_mean,XAX_var,YAX_mean,YAX_var,ZAX_mean,ZAX_var,output
11115.271626297577,7016.058634531191,1587.48615916955,11485.29235270125,-2935.205882352941,6299.740500900243,103.23702422145328,7232.783955804832,96.70242214532873,5735.897841356305,503.1280276816609,16004.228103421716,0
