XACC_mean,XACC_var,YACC_mean,YACC_var,ZACC_mean,ZACC_var,XAX_mean,XAX_var,YAX_mean,YAX_var,ZAX_mean,ZAX_var,output
10847.781196581196,5773.145566575036,2012.965811965812,11858.982633640777,-2798.586324786325,6756.093167668992,-15.172649572649572,6758.992640397628,324.7230769230769,6112.541493701568,341.5931623931624,15320.480474218557,0
