XACC_mean,XACC_var,YACC_mean,YACC_var,ZACC_mean,ZACC_var,XAX_mean,XAX_var,YAX_mean,YAX_var,ZAX_mean,ZAX_var,output
11518.9152,8926.055837182656,1597.7392,11731.933698742168,-2868.5488,5967.686622655425,-307.8688,5848.192142202405,202.7424,6738.673848021602,329.2736,17038.8173164105,0
