XACC_mean,XACC_var,YACC_mean,YACC_var,ZACC_mean,ZACC_var,XAX_mean,XAX_var,YAX_mean,YAX_var,ZAX_mean,ZAX_var,output
11289.557565789473,10965.452420554977,2396.215460526316,14315.944752827907,-4710.6891447368425,10239.022189839883,-615.0509868421053,10637.964169870045,-685.2269736842105,7722.117103143306,262.1875,18035.233914670418,0
