XACC_mean,XACC_var,YACC_mean,YACC_var,ZACC_mean,ZACC_var,XAX_mean,XAX_var,YAX_mean,YAX_var,ZAX_mean,ZAX_var,output
12017.390829694323,13056.60486655044,3957.288209606987,15875.8711718755,-4919.17903930131,11341.089396663114,-432.8973799126638,11275.508528579432,-685.6768558951965,10123.39993810024,339.05021834061137,21409.510708018817,0
