XACC_mean,XACC_var,YACC_mean,YACC_var,ZACC_mean,ZACC_var,XAX_mean,XAX_var,YAX_mean,YAX_var,ZAX_mean,ZAX_var,output
11452.131178707225,13426.101705044093,4806.247148288973,16833.070151900436,-4521.56463878327,11343.295258626802,-484.4486692015209,9192.96462116175,-286.0893536121673,8968.677738589306,254.40684410646386,19416.745090817403,0
