XACC_mean,XACC_var,YACC_mean,YACC_var,ZACC_mean,ZACC_var,XAX_mean,XAX_var,YAX_mean,YAX_var,ZAX_mean,ZAX_var,output
13907.239858906525,20291.64705924571,6179.282186948853,16951.580977002603,-4783.871252204585,10378.557972030656,737.1728395061729,14368.333140331826,-1089.0493827160494,8097.175231898648,111.92239858906525,24313.60764717615,0
