XACC_mean,XACC_var,YACC_mean,YACC_var,ZACC_mean,ZACC_var,XAX_mean,XAX_var,YAX_mean,YAX_var,ZAX_mean,ZAX_var,output
10734.36152570481,6788.2078432309845,2532.4593698175786,10325.395157043335,-2788.051409618574,7593.960003662105,431.7313432835821,7876.335522938085,-125.61194029850746,5268.709045106157,372.40132669983416,14675.861460782393,0
