XACC_mean,XACC_var,YACC_mean,YACC_var,ZACC_mean,ZACC_var,XAX_mean,XAX_var,YAX_mean,YAX_var,ZAX_mean,ZAX_var,output
1976523.715951137,1976523.715951137,297.5501730103806,517489.6621230202,1280.870242214533,9281093.679840844,29.231833910034602,943254.0709432515,29.231833910034602,943254.0709432515,25.83217993079585,477265.5714409935,0
