XACC_mean,XACC_var,YACC_mean,YACC_var,ZACC_mean,ZACC_var,XAX_mean,XAX_var,YAX_mean,YAX_var,ZAX_mean,ZAX_var,output
1826982.7800985372,1826982.7800985372,120.40986132511556,753910.8533593945,1641.6209553158706,7983519.957955257,-11.901386748844375,1932634.0766801727,-11.901386748844375,1932634.0766801727,67.42989214175655,573394.665216192,0
