XACC_mean,XACC_var,YACC_mean,YACC_var,ZACC_mean,ZACC_var,XAX_mean,XAX_var,YAX_mean,YAX_var,ZAX_mean,ZAX_var,output
3927802.1563490485,3927802.1563490485,-822.2241379310345,745120.8613740155,4403.1781609195405,11734206.998907935,-61.013409961685824,1440802.147612534,-61.013409961685824,1440802.147612534,23.63984674329502,994715.2980637001,0
