XACC_mean,XACC_var,YACC_mean,YACC_var,ZACC_mean,ZACC_var,XAX_mean,XAX_var,YAX_mean,YAX_var,ZAX_mean,ZAX_var,output
13369.260416666666,15378.232175266867,3162.2361111111113,15026.53980152328,-982.8125,7342.44993040026,16.057291666666668,12130.045886368593,-1229.907986111111,12517.540378769601,461.96875,19583.027571829178,1
