XACC_mean,XACC_var,YACC_mean,YACC_var,ZACC_mean,ZACC_var,XAX_mean,XAX_var,YAX_mean,YAX_var,ZAX_mean,ZAX_var,output
13239.38053097345,15978.891360403173,2995.7758112094393,15252.587559052505,-1784.1356932153392,10492.811125991242,-301.67846607669617,10999.812443808954,-1334.6061946902655,11307.050552018398,522.1828908554572,19436.209955891987,1
