XACC_mean,XACC_var,YACC_mean,YACC_var,ZACC_mean,ZACC_var,XAX_mean,XAX_var,YAX_mean,YAX_var,ZAX_mean,ZAX_var,output
13766.968067226891,17684.955328575925,3069.4302521008403,17552.08784878906,-1791.781512605042,9813.843224291428,114.15798319327732,9965.196832190131,-1238.8319327731092,10907.43444415432,866.673949579832,22079.12735485934,1
