XACC_mean,XACC_var,YACC_mean,YACC_var,ZACC_mean,ZACC_var,XAX_mean,XAX_var,YAX_mean,YAX_var,ZAX_mean,ZAX_var,output
13305.438759689923,16794.805998744134,3417.2248062015506,15628.982680419398,-1581.629457364341,9951.786467050873,-342.6263565891473,11798.474516810993,-759.8248062015504,11373.172754282887,417.2341085271318,20141.28190019957,1
