XACC_mean,XACC_var,YACC_mean,YACC_var,ZACC_mean,ZACC_var,XAX_mean,XAX_var,YAX_mean,YAX_var,ZAX_mean,ZAX_var,output
13991.834572490707,18292.69452343995,3028.775092936803,13028.91058140125,-1941.9944237918216,12997.48298172781,-433.40520446096656,10369.323198964872,-1455.736059479554,13254.347210580489,263.24349442379184,20110.40184304707,1
