XACC_mean,XACC_var,YACC_mean,YACC_var,ZACC_mean,ZACC_var,XAX_mean,XAX_var,YAX_mean,YAX_var,ZAX_mean,ZAX_var,output
14088.57281553398,17812.517837742147,2803.4233009708737,15108.358030728225,-733.8427184466019,10105.647993195385,-99.45242718446602,10544.909508385912,-1390.4233009708737,13886.53838333476,-179.9126213592233,20729.63666734307,1
