XACC_mean,XACC_var,YACC_mean,YACC_var,ZACC_mean,ZACC_var,XAX_mean,XAX_var,YAX_mean,YAX_var,ZAX_mean,ZAX_var,output
13890.599264705883,17635.590911262138,2610.6819852941176,15572.214107266436,-675.34375,13153.258457057555,111.87867647058823,12293.36719693431,-1338.7224264705883,13804.039159136471,-233.81066176470588,19867.578400453207,1
