XACC_mean,XACC_var,YACC_mean,YACC_var,ZACC_mean,ZACC_var,XAX_mean,XAX_var,YAX_mean,YAX_var,ZAX_mean,ZAX_var,output
13965.122370936902,17139.888345564177,3225.395793499044,16152.507924857602,-763.3307839388145,8609.97265891752,-77.24282982791587,10389.482701691013,-1568.9713193116636,13009.838874238934,66.61759082217974,19781.640194496453,1
