XACC_mean,XACC_var,YACC_mean,YACC_var,ZACC_mean,ZACC_var,XAX_mean,XAX_var,YAX_mean,YAX_var,ZAX_mean,ZAX_var,output
13042.687409551374,15965.098977279142,2572.7438494934877,16399.675744923727,-1416.1056439942113,9903.867349390863,395.44428364688855,12746.96599096388,-988.2706222865412,11737.893626459465,599.3589001447178,17281.12225652365,1
