XACC_mean,XACC_var,YACC_mean,YACC_var,ZACC_mean,ZACC_var,XAX_mean,XAX_var,YAX_mean,YAX_var,ZAX_mean,ZAX_var,output
13155.346278317153,14895.47326807366,3429.4870550161813,17069.612071446918,-1056.4935275080907,10328.968334882484,-363.5744336569579,11107.84084195941,-1092.6003236245954,11324.87936832436,591.0275080906149,18704.21941660906,1
