XACC_mean,XACC_var,YACC_mean,YACC_var,ZACC_mean,ZACC_var,XAX_mean,XAX_var,YAX_mean,YAX_var,ZAX_mean,ZAX_var,output
9727.391644908615,1376.5863017670677,1942.378590078329,588.9626031569226,-1102.4464751958224,209.51272720429154,10.049608355091383,108.44273777206412,-22.676240208877285,210.01762487610853,-182.83289817232375,1340.3665194859414,1
