XACC_mean,XACC_var,YACC_mean,YACC_var,ZACC_mean,ZACC_var,XAX_mean,XAX_var,YAX_mean,YAX_var,ZAX_mean,ZAX_var,output
9670.70091324201,1474.1799177146643,2223.794520547945,751.85429279219,-1058.7762557077626,300.53353043076464,-7.824200913242009,108.37418718172931,28.121004566210047,215.30952965991835,24.74200913242009,1185.385165461691,1
