XACC_mean,XACC_var,YACC_mean,YACC_var,ZACC_mean,ZACC_var,XAX_mean,XAX_var,YAX_mean,YAX_var,ZAX_mean,ZAX_var,output
9158.429280397022,1473.1059487204072,3694.4739454094292,1176.2697135419608,-1346.9578163771712,298.2336903118274,18.28287841191067,122.55505161465703,-28.23573200992556,221.02381968761,-113.76923076923077,1141.7470569856866,1
