XACC_mean,XACC_var,YACC_mean,YACC_var,ZACC_mean,ZACC_var,XAX_mean,XAX_var,YAX_mean,YAX_var,ZAX_mean,ZAX_var,output
9904.635170603675,1704.251198658283,836.49343832021,690.6441334260202,-825.2965879265092,240.20741851445752,18.984251968503937,113.90492232688734,-7.005249343832021,221.60239399655288,-41.99475065616798,973.0887907633166,1
