XACC_mean,XACC_var,YACC_mean,YACC_var,ZACC_mean,ZACC_var,XAX_mean,XAX_var,YAX_mean,YAX_var,ZAX_mean,ZAX_var,output
12686.18112633181,14224.419888265813,3089.601217656012,14264.305563418917,445.1232876712329,11081.902822172817,-715.8797564687976,9838.101888605364,-111.34246575342466,11330.541414686082,593.9878234398782,19084.960123311448,1
