XACC_mean,XACC_var,YACC_mean,YACC_var,ZACC_mean,ZACC_var,XAX_mean,XAX_var,YAX_mean,YAX_var,ZAX_mean,ZAX_var,output
9867.538873994637,1715.7150008700619,-1364.6729222520107,557.5017529663234,-626.8257372654156,203.83918440587757,-0.8096514745308311,104.78038329669792,-14.420911528150134,219.5800299697868,44.24664879356568,1090.672374878642,1
