XACC_mean,XACC_var,YACC_mean,YACC_var,ZACC_mean,ZACC_var,XAX_mean,XAX_var,YAX_mean,YAX_var,ZAX_mean,ZAX_var,output
12925.789830508475,13719.20020833696,2956.9745762711864,14867.447526737846,-1103.2983050847458,8690.330292927127,317.1915254237288,10635.308246579329,-1256.6508474576272,12193.99608522335,271.1898305084746,18334.23625212196,1
