XACC_mean,XACC_var,YACC_mean,YACC_var,ZACC_mean,ZACC_var,XAX_mean,XAX_var,YAX_mean,YAX_var,ZAX_mean,ZAX_var,output
13711.78642384106,15830.757903736454,2926.251655629139,13726.470931080752,-1346.9619205298013,11657.576297749503,176.2913907284768,8493.977241022236,-1458.5761589403974,11603.230229282097,651.0165562913908,19939.884390725034,1
