XACC_mean,XACC_var,YACC_mean,YACC_var,ZACC_mean,ZACC_var,XAX_mean,XAX_var,YAX_mean,YAX_var,ZAX_mean,ZAX_var,output
13662.509025270758,17146.76991869267,4059.51083032491,16116.559444780198,-1841.158844765343,10960.716096214303,-223.96750902527077,10770.5101270447,-1077.0703971119133,11790.020741979255,817.8285198555957,21336.82455781665,1
