XACC_mean,XACC_var,YACC_mean,YACC_var,ZACC_mean,ZACC_var,XAX_mean,XAX_var,YAX_mean,YAX_var,ZAX_mean,ZAX_var,output
9936.315186246418,1728.2834329212596,-495.55014326647563,654.8659167237777,-688.0487106017192,269.40554062900884,-35.58452722063037,136.62370459205414,-6.412607449856734,259.15078258893516,25.040114613180517,977.5647690544798,1
