XACC_mean,XACC_var,YACC_mean,YACC_var,ZACC_mean,ZACC_var,XAX_mean,XAX_var,YAX_mean,YAX_var,ZAX_mean,ZAX_var,output
13468.78617363344,16853.93880083682,2395.0916398713825,13488.334455002609,-993.903536977492,7736.913734325,-1.2009646302250805,8933.246851903068,-1234.3971061093248,12250.205910189952,34.79099678456592,18530.103855615234,1
