XACC_mean,XACC_var,YACC_mean,YACC_var,ZACC_mean,ZACC_var,XAX_mean,XAX_var,YAX_mean,YAX_var,ZAX_mean,ZAX_var,output
9886.898454746137,1005.8829689322075,903.1832229580574,712.9383728168391,-967.2671081677704,264.63408816566636,-52.841059602649004,87.42681587126476,26.944812362030905,173.3163485713326,88.59823399558499,841.7544085091934,1
