XACC_mean,XACC_var,YACC_mean,YACC_var,ZACC_mean,ZACC_var,XAX_mean,XAX_var,YAX_mean,YAX_var,ZAX_mean,ZAX_var,output
13552.456628477905,16960.014342207083,2706.045826513912,17418.644517981247,-1240.4828150572832,9398.411455811933,-233.8445171849427,12912.61767446605,-1099.8379705400982,11187.730181528648,380.75613747954174,19663.617350977907,1
