XACC_mean,XACC_var,YACC_mean,YACC_var,ZACC_mean,ZACC_var,XAX_mean,XAX_var,YAX_mean,YAX_var,ZAX_mean,ZAX_var,output
9907.965333333334,1551.5496656907796,-953.448,623.2869287501561,-629.0453333333334,266.29935825452833,-4.1786666666666665,96.20867790433368,-15.698666666666666,236.28789738952548,83.03466666666667,877.3879174108442,1
