XACC_mean,XACC_var,YACC_mean,YACC_var,ZACC_mean,ZACC_var,XAX_mean,XAX_var,YAX_mean,YAX_var,ZAX_mean,ZAX_var,output
9904.144208037826,1477.447098677895,-962.371158392435,543.1649412325872,-561.74231678487,215.03440104222074,-16.983451536643027,127.576191194214,-13.184397163120567,183.25139814432896,-79.66666666666667,987.8797632000994,1
