XACC_mean,XACC_var,YACC_mean,YACC_var,ZACC_mean,ZACC_var,XAX_mean,XAX_var,YAX_mean,YAX_var,ZAX_mean,ZAX_var,output
9899.720994475138,1615.5192477794321,-1069.756906077348,552.6054395014388,-627.9033149171271,215.42870751648186,-6.375690607734807,72.25318875684879,-4.511049723756906,166.37186309732178,59.28729281767956,899.0509248277586,1
