XACC_mean,XACC_var,YACC_mean,YACC_var,ZACC_mean,ZACC_var,XAX_mean,XAX_var,YAX_mean,YAX_var,ZAX_mean,ZAX_var,output
9933.806615776082,1381.4011403159923,-27.96946564885496,594.7401414062858,-865.0916030534352,211.0402364085888,0.5826972010178118,120.24264967926406,30.142493638676847,192.80398751828133,160.05343511450383,1031.54064472964,1
