XACC_mean,XACC_var,YACC_mean,YACC_var,ZACC_mean,ZACC_var,XAX_mean,XAX_var,YAX_mean,YAX_var,ZAX_mean,ZAX_var,output
13816.382189239332,18840.809718532335,3336.601113172542,18938.499799916797,-1475.252319109462,11502.45061828911,-35.252319109461965,12441.877568992266,-1487.7235621521336,12834.047548434777,268.1873840445269,19809.1605393876,1
