XACC_mean,XACC_var,YACC_mean,YACC_var,ZACC_mean,ZACC_var,XAX_mean,XAX_var,YAX_mean,YAX_var,ZAX_mean,ZAX_var,output
9933.626326963906,1267.7839891125368,-775.6178343949044,477.1918549227993,-688.312101910828,191.72367705266308,-24.348195329087048,112.14643633618701,13.148619957537155,207.75303257946385,70.85138004246285,1032.1833558010767,1
