XACC_mean,XACC_var,YACC_mean,YACC_var,ZACC_mean,ZACC_var,XAX_mean,XAX_var,YAX_mean,YAX_var,ZAX_mean,ZAX_var,output
9935.320413436693,1307.8507150757616,427.0568475452196,509.63666004065465,-879.8992248062016,163.40162439314915,-27.57622739018088,87.71471806376142,10.059431524547804,217.5456692752154,3.6640826873385013,1081.051973187465,1
