XACC_mean,XACC_var,YACC_mean,YACC_var,ZACC_mean,ZACC_var,XAX_mean,XAX_var,YAX_mean,YAX_var,ZAX_mean,ZAX_var,output
13379.598684210527,16194.145614531322,3312.4851973684213,13902.616918858543,-1286.064144736842,9422.240932597977,-317.8799342105263,11594.995762334662,-1074.9588815789473,11600.206444931404,359.9671052631579,19561.992227698687,1
