XACC_mean,XACC_var,YACC_mean,YACC_var,ZACC_mean,ZACC_var,XAX_mean,XAX_var,YAX_mean,YAX_var,ZAX_mean,ZAX_var,output
9944.133333333333,1535.445544331626,-725.1013333333333,408.1342121883992,-740.368,171.70852071333414,25.698666666666668,82.69942594536799,9.666666666666666,204.5389581063818,64.552,1192.6429585449473,1
