XACC_mean,XACC_var,YACC_mean,YACC_var,ZACC_mean,ZACC_var,XAX_mean,XAX_var,YAX_mean,YAX_var,ZAX_mean,ZAX_var,output
9912.955844155844,1683.1432093405929,-1131.3714285714286,419.3146189943549,-651.5766233766234,201.4451692717989,7.316883116883117,83.54644635526441,27.301298701298702,143.0769301495434,117.53246753246754,822.5578972849404,1
