XACC_mean,XACC_var,YACC_mean,YACC_var,ZACC_mean,ZACC_var,XAX_mean,XAX_var,YAX_mean,YAX_var,ZAX_mean,ZAX_var,output
13243.43842364532,15905.019331459906,3370.6847290640394,18701.627314126796,-1302.6995073891626,9078.952681130153,-301.51231527093597,10608.16991711534,-1209.632183908046,10960.848255028073,411.25451559934316,19963.77280627197,1
