XACC_mean,XACC_var,YACC_mean,YACC_var,ZACC_mean,ZACC_var,XAX_mean,XAX_var,YAX_mean,YAX_var,ZAX_mean,ZAX_var,output
9874.279005524862,1644.7946691480167,-1374.6160220994475,582.8034445013486,-638.0911602209944,120.49751427549282,10.660220994475138,58.25113286219779,-0.3287292817679558,179.76098228283408,199.97513812154696,1027.3855326123548,1
