XACC_mean,XACC_var,YACC_mean,YACC_var,ZACC_mean,ZACC_var,XAX_mean,XAX_var,YAX_mean,YAX_var,ZAX_mean,ZAX_var,output
11218.386281588448,6381.458489883927,2226.4602888086642,10772.23712861917,-3084.575812274368,5234.58961973227,207.95306859205778,6072.658337012119,266.98375451263536,5804.405537165737,208.68592057761734,15675.055135229855,0
