XACC_mean,XACC_var,YACC_mean,YACC_var,ZACC_mean,ZACC_var,XAX_mean,XAX_var,YAX_mean,YAX_var,ZAX_mean,ZAX_var,output
11078.823630136987,6031.275420562879,1760.3544520547946,8879.178982453846,-2556.806506849315,4913.023495583606,322.6592465753425,5727.1810297471675,-163.0736301369863,5312.182576102033,400.8321917808219,15344.70029170065,0
