XACC_mean,XACC_var,YACC_mean,YACC_var,ZACC_mean,ZACC_var,XAX_mean,XAX_var,YAX_mean,YAX_var,ZAX_mean,ZAX_var,output
11000.473861720067,6378.393642275381,1487.5345699831366,9687.72508313419,-2876.639123102867,6786.362823803679,-98.1787521079258,6255.306383471701,157.29510961214166,6181.481989245889,355.54806070826305,15460.814799955206,0
