XACC_mean,XACC_var,YACC_mean,YACC_var,ZACC_mean,ZACC_var,XAX_mean,XAX_var,YAX_mean,YAX_var,ZAX_mean,ZAX_var,output
10543.364829396325,9084.093414591041,1687.1364829396325,13891.096388605802,-4402.464566929134,7874.630494432194,-150.33070866141733,8110.8793357296745,-205.57874015748033,5325.8989986904335,237.54330708661416,14777.50083680242,0
