XACC_mean,XACC_var,YACC_mean,YACC_var,ZACC_mean,ZACC_var,XAX_mean,XAX_var,YAX_mean,YAX_var,ZAX_mean,ZAX_var,output
11186.62620423892,11565.763493359673,3473.31021194605,16456.40367613305,-4459.184971098266,10473.336685354529,12.803468208092486,12431.758361758873,-482.09441233140655,7420.854267183507,195.28131021194605,17114.37469121472,0
