XACC_mean,XACC_var,YACC_mean,YACC_var,ZACC_mean,ZACC_var,XAX_mean,XAX_var,YAX_mean,YAX_var,ZAX_mean,ZAX_var,output
11904.375399361023,12532.975058063823,2400.2332268370606,15015.214298994144,-4474.776357827476,8685.01939117606,-494.7779552715655,9417.568806959536,-951.2444089456869,9031.709168533313,-89.91373801916933,18117.888935539562,0
