XACC_mean,XACC_var,YACC_mean,YACC_var,ZACC_mean,ZACC_var,XAX_mean,XAX_var,YAX_mean,YAX_var,ZAX_mean,ZAX_var,output
11416.53112033195,13324.291310664965,4573.207468879668,14769.43338936663,-4358.112033195021,13783.796940298147,-637.1701244813278,9692.860872415089,-783.7095435684647,9537.612691283475,292.6908713692946,19111.245247673287,0
