XACC_mean,XACC_var,YACC_mean,YACC_var,ZACC_mean,ZACC_var,XAX_mean,XAX_var,YAX_mean,YAX_var,ZAX_mean,ZAX_var,output
9954.464019851117,1554.0871968757908,1.1364764267990075,687.2650959954412,-737.1538461538462,282.1972531852845,-10.002481389578163,254.83253206137647,-11.818858560794045,314.0764625375275,-89.81141439205955,1412.8475864917125,0
