XACC_mean,XACC_var,YACC_mean,YACC_var,ZACC_mean,ZACC_var,XAX_mean,XAX_var,YAX_mean,YAX_var,ZAX_mean,ZAX_var,output
9941.609699769053,1505.7999973553349,0.10623556581986143,773.268617253164,-759.459584295612,306.02469619662105,-20.22863741339492,166.0251568182325,-27.912240184757504,388.8339961212829,-58.083140877598154,1939.6698286042188,0
