XACC_mean,XACC_var,YACC_mean,YACC_var,ZACC_mean,ZACC_var,XAX_mean,XAX_var,YAX_mean,YAX_var,ZAX_mean,ZAX_var,output
9905.890625,1349.198789207068,338.421875,1106.8262922925724,-822.1183035714286,283.9807266119456,38.99107142857143,113.84706532238052,-29.921875,177.61827370381542,-85.77901785714286,1467.5926437741105,0
